,chunk_size,chunks,cores,dataset_shape,dataset_size,duration,machine,memory,name,rate,unit,workers
0,176.9472,"(1, 12, 30, 384, 320)",144,"(3, 3012, 60, 384, 320)",266503.205476,98.53269124031067,dav,1400000.0,Reading data,2704.7186281152844,MB,16
1,176.9472,"(1, 12, 30, 384, 320)",144,"(3, 3012, 60, 384, 320)",266503.205476,88.72486710548401,dav,1400000.0,Weighted Global mean,3003.7036309015516,MB,16
0,235.9296,"(1, 24, 20, 384, 320)",144,"(3, 3012, 60, 384, 320)",266503.205476,156.4095332622528,dav,1400000.0,Reading data,1703.880830774889,MB,16
1,235.9296,"(1, 24, 20, 384, 320)",144,"(3, 3012, 60, 384, 320)",266503.205476,96.61719989776611,dav,1400000.0,Weighted Global mean,2758.3412245231275,MB,16
0,353.8944,"(1, 24, 30, 384, 320)",144,"(3, 3012, 60, 384, 320)",266503.205476,106.49349021911621,dav,1400000.0,Reading data,2502.530482639408,MB,16
1,353.8944,"(1, 24, 30, 384, 320)",144,"(3, 3012, 60, 384, 320)",266503.205476,80.07019448280334,dav,1400000.0,Weighted Global mean,3328.369653619822,MB,16
0,707.7888,"(1, 48, 30, 384, 320)",144,"(3, 3012, 60, 384, 320)",266503.205476,105.07899451255798,dav,1400000.0,Reading data,2536.2176970978744,MB,16
1,707.7888,"(1, 48, 30, 384, 320)",144,"(3, 3012, 60, 384, 320)",266503.205476,185.74730849266052,dav,1400000.0,Weighted Global mean,1434.7621380825035,MB,16
