,chunk_size,chunks,cores,dataset_shape,dataset_size,duration,machine,memory,name,rate,unit,workers
0,176.9472,"(1, 12, 30, 384, 320)",72,"(2, 3012, 60, 384, 320)",177675.711068,120.40787291526794,dav,700000.0,Reading data,1475.6153959553121,MB,8
1,176.9472,"(1, 12, 30, 384, 320)",72,"(2, 3012, 60, 384, 320)",177675.711068,96.11062693595886,dav,700000.0,Weighted Global mean,1848.6583298056123,MB,8
0,235.9296,"(1, 24, 20, 384, 320)",72,"(2, 3012, 60, 384, 320)",177675.711068,194.95983362197876,dav,700000.0,Reading data,911.345212842702,MB,8
1,235.9296,"(1, 24, 20, 384, 320)",72,"(2, 3012, 60, 384, 320)",177675.711068,312.7879021167755,dav,700000.0,Weighted Global mean,568.0389486472752,MB,8
