,chunk_size,chunks,cores,dataset_shape,dataset_size,duration,machine,memory,name,rate,unit,workers
0,294.912,"(1, 60, 10, 384, 320)",144,"(3, 3012, 60, 384, 320)",266503.205476,197.90488862991333,dav,1400000.0,Reading data,1346.622649500928,MB,16
1,294.912,"(1, 60, 10, 384, 320)",144,"(3, 3012, 60, 384, 320)",266503.205476,102.00443816184998,dav,1400000.0,Weighted Global mean,2612.6628436807873,MB,16
0,212.33664,"(1, 72, 6, 384, 320)",144,"(3, 3012, 60, 384, 320)",266503.205476,324.37561416625977,dav,1400000.0,Reading data,821.5882878896158,MB,16
1,212.33664,"(1, 72, 6, 384, 320)",144,"(3, 3012, 60, 384, 320)",266503.205476,95.69736313819885,dav,1400000.0,Weighted Global mean,2784.854218931156,MB,16
