,chunk_size,chunks,cores,dataset_shape,dataset_size,duration,memory,name,rate,unit,workers
0,294.91 MB,"(60, 10, 384, 320)",216,"(3012, 60, 384, 320)",88.85 GB,39.46683406829834,654.12 GB,Reading data,2251.2121569783367,MB/s,36
1,294.91 MB,"(60, 10, 384, 320)",216,"(3012, 60, 384, 320)",88.85 GB,46.101603507995605,654.12 GB,Weighted Global mean,1927.226167666612,MB/s,36
0,212.34 MB,"(72, 6, 384, 320)",216,"(3012, 60, 384, 320)",88.85 GB,59.627901792526245,654.12 GB,Reading data,1490.0443245704853,MB/s,36
1,212.34 MB,"(72, 6, 384, 320)",216,"(3012, 60, 384, 320)",88.85 GB,42.295509815216064,654.12 GB,Weighted Global mean,2100.653640071181,MB/s,36
