,chunk_size,chunks,cores,dataset_shape,dataset_size,duration,memory,name,rate,unit,workers
0,176.95 MB,"(12, 30, 384, 320)",216,"(3012, 60, 384, 320)",88.85 GB,21.627529859542847,654.12 GB,Reading data,4108.107455128398,MB/s,36
1,176.95 MB,"(12, 30, 384, 320)",216,"(3012, 60, 384, 320)",88.85 GB,35.47405934333801,654.12 GB,Weighted Global mean,2504.5968320703505,MB/s,36
0,235.93 MB,"(24, 20, 384, 320)",216,"(3012, 60, 384, 320)",88.85 GB,31.454434871673584,654.12 GB,Reading data,2824.664217128015,MB/s,36
1,235.93 MB,"(24, 20, 384, 320)",216,"(3012, 60, 384, 320)",88.85 GB,33.04467511177063,654.12 GB,Weighted Global mean,2688.7302220850693,MB/s,36
