,chunk_size,chunks,dataset_shape,dataset_size,duration,n,name,rate,unit
0,176.95 MB,"(12, 30, 384, 320)","(1872, 60, 384, 320)",55.23 GB,16.3015034198761,144,Reading data,3387.921952318909,MB/s
1,176.95 MB,"(12, 30, 384, 320)","(1872, 60, 384, 320)",55.23 GB,20.121099948883057,144,Weighted Global mean,2744.791359930886,MB/s
0,353.89 MB,"(24, 30, 384, 320)","(1872, 60, 384, 320)",55.23 GB,16.272100925445557,144,Reading data,3394.0436791193124,MB/s
1,353.89 MB,"(24, 30, 384, 320)","(1872, 60, 384, 320)",55.23 GB,17.67614483833313,144,Weighted Global mean,3124.449465486958,MB/s
0,294.91 MB,"(60, 10, 384, 320)","(1872, 60, 384, 320)",55.23 GB,36.99750304222107,144,Reading data,1492.7553686251279,MB/s
1,294.91 MB,"(60, 10, 384, 320)","(1872, 60, 384, 320)",55.23 GB,18.86718511581421,144,Weighted Global mean,2927.210442521629,MB/s
